Plant,Material,Revenue,Quantity,Running,Subtotals,ABC
XEEE,655,65000,3250.0,65000,5.88235294117647,A
XEEE,657,65000,3250.0,130000,11.76470588235294,A
XEEE,658,65000,3250.0,195000,17.647058823529413,A
XEEE,663,9800,490.0,204800,23.52941176470588,A
XEEE,664,9800,490.0,214600,29.411764705882355,A
XEEE,665,9800,490.0,224400,35.294117647058826,A
XEEE,666,9800,490.0,234200,41.17647058823529,A
XEEE,659,500,25.0,234700,47.05882352941176,A
XEEE,660,500,25.0,235200,52.94117647058824,A
XEEE,661,500,25.0,235700,58.82352941176471,A
XEEE,662,500,25.0,236200,64.70588235294117,A
XEEE,667,400,20.0,236600,70.58823529411765,A
XEEE,668,400,20.0,237000,76.47058823529412,A
XEEE,669,400,20.0,237400,82.35294117647058,B
XEEE,652,200,10.0,237600,88.23529411764706,B
XEEE,653,200,10.0,237800,94.11764705882352,B
XEEE,654,200,10.0,238000,100.0,C
XDDD,635,99,4.95,99,4.761904761904762,A
XDDD,636,99,4.95,198,9.523809523809524,A
XDDD,637,99,4.95,297,14.285714285714285,A
XDDD,638,99,4.95,396,19.047619047619047,A
XDDD,639,99,4.95,495,23.809523809523807,A
XDDD,640,99,4.95,594,28.57142857142857,A
XDDD,629,66,3.3,660,33.33333333333333,A
XDDD,630,66,3.3,726,38.095238095238095,A
XDDD,631,66,3.3,792,42.857142857142854,A
XDDD,632,66,3.3,858,47.61904761904761,A
XDDD,633,66,3.3,924,52.38095238095239,A
XDDD,634,66,3.3,990,57.14285714285714,A
XDDD,625,33,1.65,1023,61.904761904761905,A
XDDD,626,33,1.65,1056,66.66666666666666,A
XDDD,627,33,1.65,1089,71.42857142857143,A
XDDD,628,33,1.65,1122,76.19047619047619,A
XDDD,641,12,0.6,1134,80.95238095238095,B
XDDD,642,12,0.6,1146,85.71428571428571,B
XDDD,643,12,0.6,1158,90.47619047619048,B
XDDD,644,12,0.6,1170,95.23809523809523,C
XDDD,645,12,0.6,1182,100.0,C
XCCC,606,3000,150.0,3000,4.166666666666666,A
XCCC,607,3000,150.0,6000,8.333333333333332,A
XCCC,608,3000,150.0,9000,12.5,A
XCCC,609,3000,150.0,12000,16.666666666666664,A
XCCC,610,3000,150.0,15000,20.833333333333336,A
XCCC,601,2500,125.0,17500,25.0,A
XCCC,602,2500,125.0,20000,29.166666666666668,A
XCCC,603,2500,125.0,22500,33.33333333333333,A
XCCC,604,2500,125.0,25000,37.5,A
XCCC,605,2500,125.0,27500,41.66666666666667,A
XCCC,623,2000,100.0,29500,45.83333333333333,A
XCCC,624,2000,100.0,31500,50.0,A
XCCC,620,1500,75.0,33000,54.166666666666664,A
XCCC,621,1500,75.0,34500,58.333333333333336,A
XCCC,622,1500,75.0,36000,62.5,A
XCCC,617,500,25.0,36500,66.66666666666666,A
XCCC,618,500,25.0,37000,70.83333333333334,A
XCCC,619,500,25.0,37500,75.0,A
XCCC,611,250,12.5,37750,79.16666666666666,A
XCCC,612,250,12.5,38000,83.33333333333334,B
XCCC,613,100,5.0,38100,87.5,B
XCCC,614,100,5.0,38200,91.66666666666666,B
XCCC,615,100,5.0,38300,95.83333333333334,C
XCCC,616,100,5.0,38400,100.0,C
XBBB,596,3000,150.0,3000,4.166666666666666,A
XBBB,597,3000,150.0,6000,8.333333333333332,A
XBBB,598,3000,150.0,9000,12.5,A
XBBB,599,3000,150.0,12000,16.666666666666664,A
XBBB,600,3000,150.0,15000,20.833333333333336,A
XBBB,593,1050,52.5,16050,25.0,A
XBBB,594,1050,52.5,17100,29.166666666666668,A
XBBB,595,1050,52.5,18150,33.33333333333333,A
XBBB,589,550,27.5,18700,37.5,A
XBBB,590,550,27.5,19250,41.66666666666667,A
XBBB,591,550,27.5,19800,45.83333333333333,A
XBBB,592,550,27.5,20350,50.0,A
XBBB,585,350,17.5,20700,54.166666666666664,A
XBBB,586,350,17.5,21050,58.333333333333336,A
XBBB,587,350,17.5,21400,62.5,A
XBBB,588,350,17.5,21750,66.66666666666666,A
XBBB,582,250,12.5,22000,70.83333333333334,A
XBBB,583,250,12.5,22250,75.0,A
XBBB,584,250,12.5,22500,79.16666666666666,A
XBBB,579,150,7.5,22650,83.33333333333334,B
XBBB,580,150,7.5,22800,87.5,B
XBBB,581,150,7.5,22950,91.66666666666666,B
XBBB,577,50,2.5,23000,95.83333333333334,C
XBBB,578,50,2.5,23050,100.0,C
XAAA,563,5000,250.0,5000,4.166666666666666,A
XAAA,564,5000,250.0,10000,8.333333333333332,A
XAAA,565,5000,250.0,15000,12.5,A
XAAA,566,5000,250.0,20000,16.666666666666664,A
XAAA,567,5000,250.0,25000,20.833333333333336,A
XAAA,574,3000,150.0,28000,25.0,A
XAAA,575,3000,150.0,31000,29.166666666666668,A
XAAA,576,3000,150.0,34000,33.33333333333333,A
XAAA,568,2000,100.0,36000,37.5,A
XAAA,569,2000,100.0,38000,41.66666666666667,A
XAAA,570,2000,100.0,40000,45.83333333333333,A
XAAA,571,2000,100.0,42000,50.0,A
XAAA,572,2000,100.0,44000,54.166666666666664,A
XAAA,573,2000,100.0,46000,58.333333333333336,A
XAAA,553,900,45.0,46900,62.5,A
XAAA,554,900,45.0,47800,66.66666666666666,A
XAAA,555,900,45.0,48700,70.83333333333334,A
XAAA,556,900,45.0,49600,75.0,A
XAAA,557,900,45.0,50500,79.16666666666666,A
XAAA,558,100,5.0,50600,83.33333333333334,B
XAAA,559,100,5.0,50700,87.5,B
XAAA,560,100,5.0,50800,91.66666666666666,B
XAAA,561,100,5.0,50900,95.83333333333334,C
XAAA,562,100,5.0,51000,100.0,C
X999,529,10000,500.0,10000,4.166666666666666,A
X999,530,10000,500.0,20000,8.333333333333332,A
X999,531,10000,500.0,30000,12.5,A
X999,532,10000,500.0,40000,16.666666666666664,A
X999,533,10000,500.0,50000,20.833333333333336,A
X999,534,10000,500.0,60000,25.0,A
X999,535,10000,500.0,70000,29.166666666666668,A
X999,536,10000,500.0,80000,33.33333333333333,A
X999,537,5000,250.0,85000,37.5,A
X999,538,5000,250.0,90000,41.66666666666667,A
X999,539,5000,250.0,95000,45.83333333333333,A
X999,540,5000,250.0,100000,50.0,A
X999,541,5000,250.0,105000,54.166666666666664,A
X999,542,5000,250.0,110000,58.333333333333336,A
X999,543,3000,150.0,113000,62.5,A
X999,544,3000,150.0,116000,66.66666666666666,A
X999,545,3000,150.0,119000,70.83333333333334,A
X999,546,3000,150.0,122000,75.0,A
X999,547,3000,150.0,125000,79.16666666666666,A
X999,548,3000,150.0,128000,83.33333333333334,B
X999,549,1500,75.0,129500,87.5,B
X999,550,1500,75.0,131000,91.66666666666666,B
X999,551,1500,75.0,132500,95.83333333333334,C
X999,552,1500,75.0,134000,100.0,C
X888,506,3000,150.0,3000,4.166666666666666,A
X888,511,3000,150.0,6000,8.333333333333332,A
X888,519,3000,150.0,9000,12.5,A
X888,524,3000,150.0,12000,16.666666666666664,A
X888,507,2000,100.0,14000,20.833333333333336,A
X888,513,2000,100.0,16000,25.0,A
X888,522,2000,100.0,18000,29.166666666666668,A
X888,526,2000,100.0,20000,33.33333333333333,A
X888,508,1200,60.0,21200,37.5,A
X888,510,1200,60.0,22400,41.66666666666667,A
X888,514,1200,60.0,23600,45.83333333333333,A
X888,515,1200,60.0,24800,50.0,A
X888,512,750,37.5,25550,54.166666666666664,A
X888,516,750,37.5,26300,58.333333333333336,A
X888,521,750,37.5,27050,62.5,A
X888,523,750,37.5,27800,66.66666666666666,A
X888,525,750,37.5,28550,70.83333333333334,A
X888,517,700,35.0,29250,75.0,A
X888,520,700,35.0,29950,79.16666666666666,A
X888,505,600,30.0,30550,83.33333333333334,B
X888,509,600,30.0,31150,87.5,B
X888,518,600,30.0,31750,91.66666666666666,B
X888,527,600,30.0,32350,95.83333333333334,C
X888,528,600,30.0,32950,100.0,C
X777,495,200,10.0,200,4.166666666666666,A
X777,500,200,10.0,400,8.333333333333332,A
X777,485,100,5.0,500,12.5,A
X777,490,100,5.0,600,16.666666666666664,A
X777,484,80,4.0,680,20.833333333333336,A
X777,489,80,4.0,760,25.0,A
X777,494,80,4.0,840,29.166666666666668,A
X777,499,80,4.0,920,33.33333333333333,A
X777,504,80,4.0,1000,37.5,A
X777,483,60,3.0,1060,41.66666666666667,A
X777,488,60,3.0,1120,45.83333333333333,A
X777,493,60,3.0,1180,50.0,A
X777,498,60,3.0,1240,54.166666666666664,A
X777,503,60,3.0,1300,58.333333333333336,A
X777,482,40,2.0,1340,62.5,A
X777,487,40,2.0,1380,66.66666666666666,A
X777,492,40,2.0,1420,70.83333333333334,A
X777,497,40,2.0,1460,75.0,A
X777,502,40,2.0,1500,79.16666666666666,A
X777,481,20,1.0,1520,83.33333333333334,B
X777,486,20,1.0,1540,87.5,B
X777,491,20,1.0,1560,91.66666666666666,B
X777,496,20,1.0,1580,95.83333333333334,C
X777,501,20,1.0,1600,100.0,C
X666,476,70,3.5,70,4.166666666666666,A
X666,477,70,3.5,140,8.333333333333332,A
X666,478,70,3.5,210,12.5,A
X666,479,70,3.5,280,16.666666666666664,A
X666,467,55,2.75,335,20.833333333333336,A
X666,468,55,2.75,390,25.0,A
X666,469,55,2.75,445,29.166666666666668,A
X666,470,55,2.75,500,33.33333333333333,A
X666,471,55,2.75,555,37.5,A
X666,472,55,2.75,610,41.66666666666667,A
X666,473,55,2.75,665,45.83333333333333,A
X666,474,55,2.75,720,50.0,A
X666,475,55,2.75,775,54.166666666666664,A
X666,457,50,2.5,825,58.333333333333336,A
X666,458,50,2.5,875,62.5,A
X666,459,50,2.5,925,66.66666666666666,A
X666,460,50,2.5,975,70.83333333333334,A
X666,461,50,2.5,1025,75.0,A
X666,462,50,2.5,1075,79.16666666666666,A
X666,463,50,2.5,1125,83.33333333333334,B
X666,464,50,2.5,1175,87.5,B
X666,465,50,2.5,1225,91.66666666666666,B
X666,466,50,2.5,1275,95.83333333333334,C
X666,480,10,0.5,1285,100.0,C
X555,438,90,4.5,90,4.166666666666666,A
X555,445,90,4.5,180,8.333333333333332,A
X555,450,90,4.5,270,12.5,A
X555,451,90,4.5,360,16.666666666666664,A
X555,446,80,4.0,440,20.833333333333336,A
X555,452,50,2.5,490,25.0,A
X555,453,40,2.0,530,29.166666666666668,A
X555,436,30,1.5,560,33.33333333333333,A
X555,443,30,1.5,590,37.5,A
X555,447,30,1.5,620,41.66666666666667,A
X555,454,30,1.5,650,45.83333333333333,A
X555,437,20,1.0,670,50.0,A
X555,440,20,1.0,690,54.166666666666664,A
X555,449,20,1.0,710,58.333333333333336,A
X555,456,20,1.0,730,62.5,A
X555,435,19,0.95,749,66.66666666666666,A
X555,439,19,0.95,768,70.83333333333334,A
X555,444,15,0.75,783,75.0,A
X555,448,15,0.75,798,79.16666666666666,A
X555,434,11,0.55,809,83.33333333333334,B
X555,433,10,0.5,819,87.5,B
X555,441,10,0.5,829,91.66666666666666,B
X555,442,10,0.5,839,95.83333333333334,C
X555,455,10,0.5,849,100.0,C
X444,428,600,30.0,600,4.166666666666666,A
X444,416,500,25.0,1100,8.333333333333332,A
X444,420,500,25.0,1600,12.5,A
X444,422,500,25.0,2100,16.666666666666664,A
X444,432,400,20.0,2500,20.833333333333336,A
X444,410,300,15.0,2800,25.0,A
X444,409,100,5.0,2900,29.166666666666668,A
X444,411,100,5.0,3000,33.33333333333333,A
X444,412,100,5.0,3100,37.5,A
X444,413,100,5.0,3200,41.66666666666667,A
X444,414,100,5.0,3300,45.83333333333333,A
X444,415,100,5.0,3400,50.0,A
X444,417,100,5.0,3500,54.166666666666664,A
X444,418,100,5.0,3600,58.333333333333336,A
X444,419,100,5.0,3700,62.5,A
X444,421,100,5.0,3800,66.66666666666666,A
X444,423,100,5.0,3900,70.83333333333334,A
X444,424,100,5.0,4000,75.0,A
X444,425,100,5.0,4100,79.16666666666666,A
X444,426,100,5.0,4200,83.33333333333334,B
X444,427,100,5.0,4300,87.5,B
X444,429,100,5.0,4400,91.66666666666666,B
X444,430,100,5.0,4500,95.83333333333334,C
X444,431,100,5.0,4600,100.0,C
X333,405,2000,100.0,2000,4.166666666666666,A
X333,407,1600,80.0,3600,8.333333333333332,A
X333,401,1440,72.0,5040,12.5,A
X333,403,1440,72.0,6480,16.666666666666664,A
X333,404,1440,72.0,7920,20.833333333333336,A
X333,406,1440,72.0,9360,25.0,A
X333,408,1440,72.0,10800,29.166666666666668,A
X333,402,1200,60.0,12000,33.33333333333333,A
X333,395,1100,55.0,13100,37.5,A
X333,396,1100,55.0,14200,41.66666666666667,A
X333,397,1100,55.0,15300,45.83333333333333,A
X333,399,1100,55.0,16400,50.0,A
X333,400,1100,55.0,17500,54.166666666666664,A
X333,398,1050,52.5,18550,58.333333333333336,A
X333,385,1000,50.0,19550,62.5,A
X333,386,1000,50.0,20550,66.66666666666666,A
X333,387,1000,50.0,21550,70.83333333333334,A
X333,389,1000,50.0,22550,75.0,A
X333,390,1000,50.0,23550,79.16666666666666,A
X333,391,1000,50.0,24550,83.33333333333334,B
X333,392,1000,50.0,25550,87.5,B
X333,393,1000,50.0,26550,91.66666666666666,B
X333,394,800,40.0,27350,95.83333333333334,C
X333,388,500,25.0,27850,100.0,C
X222,362,700,35.0,700,4.166666666666666,A
X222,371,700,35.0,1400,8.333333333333332,A
X222,377,700,35.0,2100,12.5,A
X222,381,700,35.0,2800,16.666666666666664,A
X222,364,600,30.0,3400,20.833333333333336,A
X222,365,600,30.0,4000,25.0,A
X222,368,600,30.0,4600,29.166666666666668,A
X222,369,600,30.0,5200,33.33333333333333,A
X222,370,600,30.0,5800,37.5,A
X222,374,600,30.0,6400,41.66666666666667,A
X222,378,600,30.0,7000,45.83333333333333,A
X222,379,600,30.0,7600,50.0,A
X222,380,600,30.0,8200,54.166666666666664,A
X222,384,600,30.0,8800,58.333333333333336,A
X222,363,500,25.0,9300,62.5,A
X222,367,500,25.0,9800,66.66666666666666,A
X222,373,500,25.0,10300,70.83333333333334,A
X222,376,500,25.0,10800,75.0,A
X222,383,500,25.0,11300,79.16666666666666,A
X222,361,400,20.0,11700,83.33333333333334,B
X222,366,400,20.0,12100,87.5,B
X222,372,400,20.0,12500,91.66666666666666,B
X222,375,400,20.0,12900,95.83333333333334,C
X222,382,400,20.0,13300,100.0,C
X111,338,3500,175.0,3500,4.166666666666666,A
X111,342,3000,150.0,6500,8.333333333333332,A
X111,343,3000,150.0,9500,12.5,A
X111,345,3000,150.0,12500,16.666666666666664,A
X111,346,3000,150.0,15500,20.833333333333336,A
X111,352,3000,150.0,18500,25.0,A
X111,358,3000,150.0,21500,29.166666666666668,A
X111,360,3000,150.0,24500,33.33333333333333,A
X111,337,2000,100.0,26500,37.5,A
X111,340,2000,100.0,28500,41.66666666666667,A
X111,344,2000,100.0,30500,45.83333333333333,A
X111,348,2000,100.0,32500,50.0,A
X111,353,1800,90.0,34300,54.166666666666664,A
X111,347,1750,87.5,36050,58.333333333333336,A
X111,349,1750,87.5,37800,62.5,A
X111,351,1750,87.5,39550,66.66666666666666,A
X111,355,1750,87.5,41300,70.83333333333334,A
X111,356,1750,87.5,43050,75.0,A
X111,339,1500,75.0,44550,79.16666666666666,A
X111,341,1500,75.0,46050,83.33333333333334,B
X111,350,1500,75.0,47550,87.5,B
X111,354,1500,75.0,49050,91.66666666666666,B
X111,357,1500,75.0,50550,95.83333333333334,C
X111,359,1000,50.0,51550,100.0,C
EEE,313,40000,2000.0,40000,4.166666666666666,A
EEE,314,40000,2000.0,80000,8.333333333333332,A
EEE,315,40000,2000.0,120000,12.5,A
EEE,334,40000,2000.0,160000,16.666666666666664,A
EEE,335,40000,2000.0,200000,20.833333333333336,A
EEE,336,40000,2000.0,240000,25.0,A
EEE,319,30000,1500.0,270000,29.166666666666668,A
EEE,320,30000,1500.0,300000,33.33333333333333,A
EEE,321,30000,1500.0,330000,37.5,A
EEE,322,30000,1500.0,360000,41.66666666666667,A
EEE,327,3800,190.0,363800,45.83333333333333,A
EEE,328,3800,190.0,367600,50.0,A
EEE,329,3800,190.0,371400,54.166666666666664,A
EEE,330,3800,190.0,375200,58.333333333333336,A
EEE,323,500,25.0,375700,62.5,A
EEE,324,500,25.0,376200,66.66666666666666,A
EEE,325,500,25.0,376700,70.83333333333334,A
EEE,326,500,25.0,377200,75.0,A
EEE,331,400,20.0,377600,79.16666666666666,A
EEE,332,400,20.0,378000,83.33333333333334,B
EEE,333,400,20.0,378400,87.5,B
EEE,316,200,10.0,378600,91.66666666666666,B
EEE,317,200,10.0,378800,95.83333333333334,C
EEE,318,200,10.0,379000,100.0,C
DDD,310,1500,75.0,1500,4.166666666666666,A
DDD,311,1500,75.0,3000,8.333333333333332,A
DDD,312,1500,75.0,4500,12.5,A
DDD,305,1232,61.6,5732,16.666666666666664,A
DDD,306,1232,61.6,6964,20.833333333333336,A
DDD,307,1232,61.6,8196,25.0,A
DDD,308,1232,61.6,9428,29.166666666666668,A
DDD,309,1232,61.6,10660,33.33333333333333,A
DDD,299,999,49.95,11659,37.5,A
DDD,300,999,49.95,12658,41.66666666666667,A
DDD,301,999,49.95,13657,45.83333333333333,A
DDD,302,999,49.95,14656,50.0,A
DDD,303,999,49.95,15655,54.166666666666664,A
DDD,304,999,49.95,16654,58.333333333333336,A
DDD,293,666,33.3,17320,62.5,A
DDD,294,666,33.3,17986,66.66666666666666,A
DDD,295,666,33.3,18652,70.83333333333334,A
DDD,296,666,33.3,19318,75.0,A
DDD,297,666,33.3,19984,79.16666666666666,A
DDD,298,666,33.3,20650,83.33333333333334,B
DDD,289,333,16.65,20983,87.5,B
DDD,290,333,16.65,21316,91.66666666666666,B
DDD,291,333,16.65,21649,95.83333333333334,C
DDD,292,333,16.65,21982,100.0,C
CCC,270,3000,150.0,3000,4.166666666666666,A
CCC,271,3000,150.0,6000,8.333333333333332,A
CCC,272,3000,150.0,9000,12.5,A
CCC,273,3000,150.0,12000,16.666666666666664,A
CCC,274,3000,150.0,15000,20.833333333333336,A
CCC,265,2500,125.0,17500,25.0,A
CCC,266,2500,125.0,20000,29.166666666666668,A
CCC,267,2500,125.0,22500,33.33333333333333,A
CCC,268,2500,125.0,25000,37.5,A
CCC,269,2500,125.0,27500,41.66666666666667,A
CCC,287,2000,100.0,29500,45.83333333333333,A
CCC,288,2000,100.0,31500,50.0,A
CCC,284,1500,75.0,33000,54.166666666666664,A
CCC,285,1500,75.0,34500,58.333333333333336,A
CCC,286,1500,75.0,36000,62.5,A
CCC,281,500,25.0,36500,66.66666666666666,A
CCC,282,500,25.0,37000,70.83333333333334,A
CCC,283,500,25.0,37500,75.0,A
CCC,275,250,12.5,37750,79.16666666666666,A
CCC,276,250,12.5,38000,83.33333333333334,B
CCC,277,100,5.0,38100,87.5,B
CCC,278,100,5.0,38200,91.66666666666666,B
CCC,279,100,5.0,38300,95.83333333333334,C
CCC,280,100,5.0,38400,100.0,C
BBB,253,55,2.75,55,4.166666666666666,A
BBB,254,55,2.75,110,8.333333333333332,A
BBB,255,55,2.75,165,12.5,A
BBB,256,55,2.75,220,16.666666666666664,A
BBB,241,50,2.5,270,20.833333333333336,A
BBB,242,50,2.5,320,25.0,A
BBB,249,35,1.75,355,29.166666666666668,A
BBB,250,35,1.75,390,33.33333333333333,A
BBB,251,35,1.75,425,37.5,A
BBB,252,35,1.75,460,41.66666666666667,A
BBB,260,30,1.5,490,45.83333333333333,A
BBB,261,30,1.5,520,50.0,A
BBB,262,30,1.5,550,54.166666666666664,A
BBB,263,30,1.5,580,58.333333333333336,A
BBB,264,30,1.5,610,62.5,A
BBB,246,25,1.25,635,66.66666666666666,A
BBB,247,25,1.25,660,70.83333333333334,A
BBB,248,25,1.25,685,75.0,A
BBB,243,15,0.75,700,79.16666666666666,A
BBB,244,15,0.75,715,83.33333333333334,B
BBB,245,15,0.75,730,87.5,B
BBB,257,10,0.5,740,91.66666666666666,B
BBB,258,10,0.5,750,95.83333333333334,C
BBB,259,10,0.5,760,100.0,C
AAA,227,5000,250.0,5000,4.166666666666666,A
AAA,228,5000,250.0,10000,8.333333333333332,A
AAA,229,5000,250.0,15000,12.5,A
AAA,230,5000,250.0,20000,16.666666666666664,A
AAA,231,5000,250.0,25000,20.833333333333336,A
AAA,238,3000,150.0,28000,25.0,A
AAA,239,3000,150.0,31000,29.166666666666668,A
AAA,240,3000,150.0,34000,33.33333333333333,A
AAA,232,2000,100.0,36000,37.5,A
AAA,233,2000,100.0,38000,41.66666666666667,A
AAA,234,2000,100.0,40000,45.83333333333333,A
AAA,235,2000,100.0,42000,50.0,A
AAA,236,2000,100.0,44000,54.166666666666664,A
AAA,237,2000,100.0,46000,58.333333333333336,A
AAA,217,900,45.0,46900,62.5,A
AAA,218,900,45.0,47800,66.66666666666666,A
AAA,219,900,45.0,48700,70.83333333333334,A
AAA,220,900,45.0,49600,75.0,A
AAA,221,900,45.0,50500,79.16666666666666,A
AAA,222,100,5.0,50600,83.33333333333334,B
AAA,223,100,5.0,50700,87.5,B
AAA,224,100,5.0,50800,91.66666666666666,B
AAA,225,100,5.0,50900,95.83333333333334,C
AAA,226,100,5.0,51000,100.0,C
999,193,50000,2500.0,50000,4.166666666666666,A
999,194,50000,2500.0,100000,8.333333333333332,A
999,195,50000,2500.0,150000,12.5,A
999,196,50000,2500.0,200000,16.666666666666664,A
999,197,50000,2500.0,250000,20.833333333333336,A
999,198,50000,2500.0,300000,25.0,A
999,201,8000,400.0,308000,29.166666666666668,A
999,202,8000,400.0,316000,33.33333333333333,A
999,203,8000,400.0,324000,37.5,A
999,204,8000,400.0,332000,41.66666666666667,A
999,205,8000,400.0,340000,45.83333333333333,A
999,206,8000,400.0,348000,50.0,A
999,207,4000,200.0,352000,54.166666666666664,A
999,208,4000,200.0,356000,58.333333333333336,A
999,209,4000,200.0,360000,62.5,A
999,210,4000,200.0,364000,66.66666666666666,A
999,211,4000,200.0,368000,70.83333333333334,A
999,212,4000,200.0,372000,75.0,A
999,200,3000,150.0,375000,79.16666666666666,A
999,199,2900,145.0,377900,83.33333333333334,B
999,213,1500,75.0,379400,87.5,B
999,214,1500,75.0,380900,91.66666666666666,B
999,215,1500,75.0,382400,95.83333333333334,C
999,216,1500,75.0,383900,100.0,C
888,175,3000,150.0,3000,4.166666666666666,A
888,183,3000,150.0,6000,8.333333333333332,A
888,188,3000,150.0,9000,12.5,A
888,177,2000,100.0,11000,16.666666666666664,A
888,186,2000,100.0,13000,20.833333333333336,A
888,190,2000,100.0,15000,25.0,A
888,172,1200,60.0,16200,29.166666666666668,A
888,174,1200,60.0,17400,33.33333333333333,A
888,178,1200,60.0,18600,37.5,A
888,179,1200,60.0,19800,41.66666666666667,A
888,170,1000,50.0,20800,45.83333333333333,A
888,171,800,40.0,21600,50.0,A
888,176,750,37.5,22350,54.166666666666664,A
888,169,600,30.0,22950,58.333333333333336,A
888,173,600,30.0,23550,62.5,A
888,182,600,30.0,24150,66.66666666666666,A
888,191,600,30.0,24750,70.83333333333334,A
888,192,600,30.0,25350,75.0,A
888,180,150,7.5,25500,79.16666666666666,A
888,185,150,7.5,25650,83.33333333333334,B
888,187,150,7.5,25800,87.5,B
888,189,150,7.5,25950,91.66666666666666,B
888,181,100,5.0,26050,95.83333333333334,C
888,184,100,5.0,26150,100.0,C
777,149,100,5.0,100,4.166666666666666,A
777,154,100,5.0,200,8.333333333333332,A
777,159,100,5.0,300,12.5,A
777,164,100,5.0,400,16.666666666666664,A
777,148,80,4.0,480,20.833333333333336,A
777,153,80,4.0,560,25.0,A
777,158,80,4.0,640,29.166666666666668,A
777,163,80,4.0,720,33.33333333333333,A
777,168,80,4.0,800,37.5,A
777,147,60,3.0,860,41.66666666666667,A
777,152,60,3.0,920,45.83333333333333,A
777,157,60,3.0,980,50.0,A
777,162,60,3.0,1040,54.166666666666664,A
777,167,60,3.0,1100,58.333333333333336,A
777,146,40,2.0,1140,62.5,A
777,151,40,2.0,1180,66.66666666666666,A
777,156,40,2.0,1220,70.83333333333334,A
777,161,40,2.0,1260,75.0,A
777,166,40,2.0,1300,79.16666666666666,A
777,145,20,1.0,1320,83.33333333333334,B
777,150,20,1.0,1340,87.5,B
777,155,20,1.0,1360,91.66666666666666,B
777,160,20,1.0,1380,95.83333333333334,C
777,165,20,1.0,1400,100.0,C
666,140,700,35.0,700,4.166666666666666,A
666,141,700,35.0,1400,8.333333333333332,A
666,142,700,35.0,2100,12.5,A
666,143,700,35.0,2800,16.666666666666664,A
666,131,550,27.5,3350,20.833333333333336,A
666,132,550,27.5,3900,25.0,A
666,133,550,27.5,4450,29.166666666666668,A
666,134,550,27.5,5000,33.33333333333333,A
666,135,550,27.5,5550,37.5,A
666,136,550,27.5,6100,41.66666666666667,A
666,137,550,27.5,6650,45.83333333333333,A
666,138,550,27.5,7200,50.0,A
666,139,550,27.5,7750,54.166666666666664,A
666,121,500,25.0,8250,58.333333333333336,A
666,122,500,25.0,8750,62.5,A
666,123,500,25.0,9250,66.66666666666666,A
666,124,500,25.0,9750,70.83333333333334,A
666,125,500,25.0,10250,75.0,A
666,126,500,25.0,10750,79.16666666666666,A
666,127,500,25.0,11250,83.33333333333334,B
666,128,500,25.0,11750,87.5,B
666,129,500,25.0,12250,91.66666666666666,B
666,130,500,25.0,12750,95.83333333333334,C
666,144,100,5.0,12850,100.0,C
555,118,3000,150.0,3000,5.0,A
555,104,2000,100.0,5000,10.0,A
555,113,2000,100.0,7000,15.0,A
555,99,1900,95.0,8900,20.0,A
555,103,1900,95.0,10800,25.0,A
555,98,1100,55.0,11900,30.0,A
555,97,1000,50.0,12900,35.0,A
555,102,900,45.0,13800,40.0,A
555,114,900,45.0,14700,45.0,A
555,115,900,45.0,15600,50.0,A
555,116,500,25.0,16100,55.00000000000001,A
555,117,400,20.0,16500,60.0,A
555,100,300,15.0,16800,65.0,A
555,111,300,15.0,17100,70.0,A
555,101,200,10.0,17300,75.0,A
555,120,200,10.0,17500,80.0,B
555,112,150,7.5,17650,85.0,B
555,105,100,5.0,17750,90.0,B
555,119,100,5.0,17850,95.0,C
555,106,10,0.5,17860,100.0,C
444,92,60,3.0,60,5.263157894736842,A
444,80,50,2.5,110,10.526315789473683,A
444,84,50,2.5,160,15.789473684210526,A
444,86,50,2.5,210,21.052631578947366,A
444,96,40,2.0,250,26.31578947368421,A
444,94,15,0.75,265,31.57894736842105,A
444,78,10,0.5,275,36.84210526315789,A
444,79,10,0.5,285,42.10526315789473,A
444,81,10,0.5,295,47.368421052631575,A
444,82,10,0.5,305,52.63157894736842,A
444,83,10,0.5,315,57.89473684210527,A
444,85,10,0.5,325,63.1578947368421,A
444,87,10,0.5,335,68.42105263157895,A
444,88,10,0.5,345,73.68421052631578,A
444,89,10,0.5,355,78.94736842105263,A
444,90,10,0.5,365,84.21052631578947,B
444,91,10,0.5,375,89.47368421052632,B
444,93,10,0.5,385,94.73684210526315,B
444,95,10,0.5,395,100.0,C
333,68,1600,80.0,1600,5.0,A
333,65,1440,72.0,3040,10.0,A
333,67,1440,72.0,4480,15.0,A
333,66,1200,60.0,5680,20.0,A
333,59,1100,55.0,6780,25.0,A
333,60,1100,55.0,7880,30.0,A
333,61,1100,55.0,8980,35.0,A
333,63,1100,55.0,10080,40.0,A
333,64,1100,55.0,11180,45.0,A
333,62,1050,52.5,12230,50.0,A
333,49,1000,50.0,13230,55.00000000000001,A
333,50,1000,50.0,14230,60.0,A
333,51,1000,50.0,15230,65.0,A
333,53,1000,50.0,16230,70.0,A
333,54,1000,50.0,17230,75.0,A
333,55,1000,50.0,18230,80.0,B
333,56,1000,50.0,19230,85.0,B
333,57,1000,50.0,20230,90.0,B
333,58,800,40.0,21030,95.0,C
333,52,500,25.0,21530,100.0,C
222,35,700,35.0,700,5.555555555555555,A
222,41,700,35.0,1400,11.11111111111111,A
222,45,700,35.0,2100,16.666666666666664,A
222,32,600,30.0,2700,22.22222222222222,A
222,33,600,30.0,3300,27.77777777777778,A
222,34,600,30.0,3900,33.33333333333333,A
222,38,600,30.0,4500,38.88888888888889,A
222,42,600,30.0,5100,44.44444444444444,A
222,43,600,30.0,5700,50.0,A
222,44,600,30.0,6300,55.55555555555556,A
222,48,600,30.0,6900,61.111111111111114,A
222,31,500,25.0,7400,66.66666666666666,A
222,37,500,25.0,7900,72.22222222222221,A
222,40,500,25.0,8400,77.77777777777779,A
222,47,500,25.0,8900,83.33333333333334,B
222,36,400,20.0,9300,88.88888888888889,B
222,39,400,20.0,9700,94.44444444444444,B
222,46,400,20.0,10100,100.0,C
111,6,30000,1500.0,30000,5.555555555555555,A
111,7,30000,1500.0,60000,11.11111111111111,A
111,9,30000,1500.0,90000,16.666666666666664,A
111,10,30000,1500.0,120000,22.22222222222222,A
111,16,30000,1500.0,150000,27.77777777777778,A
111,2,5000,250.0,155000,33.33333333333333,A
111,8,5000,250.0,160000,38.88888888888889,A
111,12,5000,250.0,165000,44.44444444444444,A
111,13,5000,250.0,170000,50.0,A
111,1,3000,150.0,173000,55.55555555555556,A
111,4,3000,150.0,176000,61.111111111111114,A
111,11,3000,150.0,179000,66.66666666666666,A
111,15,3000,150.0,182000,72.22222222222221,A
111,17,3000,150.0,185000,77.77777777777779,A
111,3,1500,75.0,186500,83.33333333333334,B
111,14,1500,75.0,188000,88.88888888888889,B
111,18,1500,75.0,189500,94.44444444444444,B
111,5,1450,72.5,190950,100.0,C
